{
"lengthUnit": "mil",
"components": {
	"fields": ["COMPONENT_NO", "COMPONENT_NAME", "LAYER", "X_COORDINATE", "Y_COORDINATE", "ANGLE"],
	"rows": [
		[1, "C1", "T", 708.43, 130, 180],
		[2, "C2", "T", 708.43, 335, 180],
		[3, "D1", "T", 985, 325, 0],
		[4, "D3", "T", 835, 305, 270],
		[5, "D41", "T", 1150, 330, 270],
		[6, "H1", "T", 936.22, 535.04, 0],
		[7, "H2", "T", 1033.46, 535.43, 0],
		[8, "LDO1", "T", 695, 230, 180],
		[9, "LED1", "T", 630, 520, 0],
		[10, "LED2", "T", 805, 520, 0],
		[11, "R21", "T", 800, 420, 0],
		[12, "R22", "T", 620, 420, 0],
		[13, "R28", "T", 1000, 120, 0],
		[14, "SW1", "T", 464.57, 142.91, 180],
		[15, "U27", "T", 250, 290, 90],
		[16, "U32", "T", 865, 120, 0],
		[17, "U33", "B", 485, 325, 180]
	]
},
"pins": {
	"fields": ["PIN_NO", "PIN_NAME", "PIN_X", "PIN_Y", "LAYER", "PIN_TYPE", "NET_NAME", "NET_TYPE", "PAD_SHAPE", "PAD_SIZEX", "PAD_SIZEY", "HOLE_SIZE", "PAD_ANGLE"],
	"rows": [
		[1, "C1_1", 735.99, 130, "T", "SMD", "GND", "GND", "R", 31.5, 35.43, 0, 180],
		[2, "C1_2", 680.87, 130, "T", "SMD", "VOUT1+", "", "R", 31.5, 35.43, 0, 180],
		[3, "C2_1", 735.99, 335, "T", "SMD", "VOUT2+", "", "R", 31.5, 35.43, 0, 180],
		[4, "C2_2", 680.87, 335, "T", "SMD", "GND", "GND", "R", 31.5, 35.43, 0, 180],
		[5, "D1_1", 935.79, 206.89, "T", "SMD", "$1N1106", "", "R", 38.58, 87.01, 0, 360],
		[6, "D1_2", 1034.21, 206.89, "T", "SMD", "GND", "GND", "R", 38.58, 87.01, 0, 360],
		[7, "D1_3", 1034.21, 443.11, "T", "SMD", "$1N1105", "", "R", 38.58, 87.01, 0, 360],
		[8, "D1_4", 935.79, 443.11, "T", "SMD", "$1N1104", "", "R", 38.58, 87.01, 0, 360],
		[9, "D3_1", 835, 366.02, "T", "SMD", "VOUT1+", "", "R", 39.37, 47.24, 0, 270],
		[10, "D3_2", 835, 243.98, "T", "SMD", "GND", "GND", "R", 39.37, 47.24, 0, 270],
		[11, "D41_1", 1150, 407.16, "T", "SMD", "VOUT1+", "", "R", 62.99, 66.93, 0, 90],
		[12, "D41_2", 1150, 252.84, "T", "SMD", "$1N1106", "", "R", 62.99, 66.93, 0, 90],
		[13, "H1_1", 936.22, 535.04, "T", "DIP", "$1N1104", "", "R", 55.12, 55.12, 35.43, 0],
		[14, "H1_1", 936.22, 535.04, "B", "DIP", "$1N1104", "", "R", 55.12, 55.12, 35.43, 0],
		[15, "H2_1", 1033.46, 535.43, "T", "DIP", "$1N1105", "", "R", 55.12, 55.12, 35.43, 0],
		[16, "H2_1", 1033.46, 535.43, "B", "DIP", "$1N1105", "", "R", 55.12, 55.12, 35.43, 0],
		[17, "LDO1_1", 643.81, 267.4, "T", "SMD", "VOUT1+", "", "R", 43.31, 23.62, 0, 180],
		[18, "LDO1_2", 643.81, 230, "T", "SMD", "GND", "GND", "R", 43.31, 23.62, 0, 180],
		[19, "LDO1_3", 643.81, 192.6, "T", "SMD", "VOUT1+", "", "R", 43.31, 23.62, 0, 180],
		[20, "LDO1_4", 746.19, 192.6, "T", "SMD", "LDO1_4", "", "R", 43.31, 23.62, 0, 180],
		[21, "LDO1_5", 746.19, 267.4, "T", "SMD", "VOUT2+", "", "R", 43.31, 23.62, 0, 180],
		[22, "LED1_1", 588.66, 520, "T", "SMD", "LED1-", "", "R", 82.68, 82.68, 0, 0],
		[23, "LED1_2", 671.34, 520, "T", "SMD", "$1N1314", "", "R", 43.31, 82.68, 0, 0],
		[24, "LED2_1", 763.66, 520, "T", "SMD", "LED2-", "", "R", 82.68, 82.68, 0, 0],
		[25, "LED2_2", 846.34, 520, "T", "SMD", "$1N1374", "", "R", 43.31, 82.68, 0, 0],
		[26, "R21_1", 770.34, 420, "T", "SMD", "VOUT2+", "", "R", 31.75, 34.02, 0, 0],
		[27, "R21_2", 829.66, 420, "T", "SMD", "$1N1374", "", "R", 31.75, 34.02, 0, 0],
		[28, "R22_1", 590.34, 420, "T", "SMD", "VOUT2+", "", "R", 31.75, 34.02, 0, 0],
		[29, "R22_2", 649.66, 420, "T", "SMD", "$1N1314", "", "R", 31.75, 34.02, 0, 0],
		[30, "R28_1", 970.34, 120, "T", "SMD", "$1N1557", "", "R", 31.75, 34.02, 0, 0],
		[31, "R28_2", 1029.66, 120, "T", "SMD", "$1N1106", "", "R", 31.75, 34.02, 0, 0],
		[32, "SW1_1", 547.25, 179.32, "T", "SMD", "$1N1063", "", "R", 47.24, 47.24, 0, 180],
		[33, "SW1_2", 381.89, 179.32, "T", "SMD", "GND", "GND", "R", 47.24, 47.24, 0, 180],
		[34, "SW1_3", 600.4, 106.5, "T", "SMD", "SW1_3", "", "R", 59.05, 59.05, 0, 180],
		[35, "SW1_4", 328.74, 106.5, "T", "SMD", "SW1_4", "", "R", 59.05, 59.05, 0, 180],
		[36, "U27_1", 297.24, 247.6, "T", "SMD", "$1N1063", "", "R", 47.24, 23.62, 0, 180],
		[37, "U27_2", 297.24, 290, "T", "SMD", "GND", "GND", "R", 47.24, 23.62, 0, 180],
		[38, "U27_3", 297.24, 332.4, "T", "SMD", "VOUT2+", "", "R", 47.24, 23.62, 0, 180],
		[39, "U27_4", 202.76, 332.41, "T", "SMD", "LED1-", "", "R", 47.24, 23.62, 0, 180],
		[40, "U27_5", 202.76, 290, "T", "SMD", "LED2-", "", "R", 47.24, 23.62, 0, 180],
		[41, "U27_6", 202.76, 247.61, "T", "SMD", "VOUT2+", "", "R", 47.24, 23.62, 0, 180],
		[42, "U32_1", 833.52, 119.87, "T", "SMD", "GND", "GND", "R", 31.5, 31.5, 0, 90],
		[43, "U32_2", 896.48, 120.14, "T", "SMD", "$1N1557", "", "R", 31.5, 31.5, 0, 90],
		[44, "U33_1", 583.42, 325, "T", "DIP", "VOUT1+", "", "C", 86.61, 86.61, 59.06, 180],
		[45, "U33_1", 583.42, 325, "B", "DIP", "VOUT1+", "", "C", 86.61, 86.61, 59.06, 180],
		[46, "U33_2", 386.58, 325, "T", "DIP", "GND", "GND", "C", 86.61, 86.61, 59.06, 180],
		[47, "U33_2", 386.58, 325, "B", "DIP", "GND", "GND", "C", 86.61, 86.61, 59.06, 180]
	]
}
}